start_mc1,end_mc1,start_rm,end_rm,start_mc,end_mc,time_mc,time_rm,time_mc1
1737362933.6739926,1737362933.6838365,1737362942.8530757,1737362944.7832813,1737362938.3216727,1737362942.8530757,4.531403064727783,1.9302055835723877,0.009843826293945312
