start_mc1,end_mc1,start_rm,end_rm,start_mc,end_mc,time_mc,time_rm,time_mc1
1737362957.6641872,1737362957.6728091,1737362962.253448,1737362973.0341659,1737362961.633143,1737362962.253448,0.620305061340332,10.780717849731445,0.008621931076049805
