start_mc1,end_mc1,start_rm,end_rm,start_mc,end_mc,time_mc,time_rm,time_mc1
1737363007.0540059,1737363007.0633109,1737363012.0627477,1737363022.8511584,1737363011.4704425,1737363012.0627477,0.5923051834106445,10.788410663604736,0.009305000305175781
