start_mc1,end_mc1,start_rm,end_rm,start_mc,end_mc,time_mc,time_rm,time_mc1
1737365091.9637825,1737365091.9732246,1737365290.251541,1737365301.459134,1737365289.3426242,1737365290.251541,0.908916711807251,11.207593202590942,0.00944209098815918
