start_mc1,end_mc1,start_rm,end_rm,start_mc,end_mc,time_mc,time_rm,time_mc1
28955994.965352617,28955994.96551704,28955995.048214402,28955995.048214402,28955995.04819171,28955995.048214402,0.0013616085052490234,0.0,0.009865283966064453
