start_mc1,end_mc1,start_rm,end_rm,start_mc,end_mc,time_mc,time_rm,time_mc1
1737359627.9561844,1737359627.9638126,1737359632.7025905,1737359632.7025905,1737359632.7025905,1737359632.7025905,0.0,0.0,0.007628202438354492
