start_mc1,end_mc1,start_rm,end_rm,start_mc,end_mc,time_mc,time_rm,time_mc1
1737360042.4612918,1737360042.4722967,1737360048.4102423,1737360048.4102423,1737360048.4089105,1737360048.4102423,0.0013318061828613281,0.0,0.011004924774169922
