start_mc1,end_mc1,start_rm,end_rm,start_mc,end_mc,time_mc,time_rm,time_mc1
28955995.441352025,28955995.441502035,28955995.51418041,28955995.51418041,28955995.51418041,28955995.51418041,0.0,0.0,0.009000539779663086
